keyword,article_url,article_title,domain,match_count
butter chicken recipe,https://crazy4couponing.com/post/indian-butter-chicken-recipe,,crazyforcouponing.com,3
butter chicken recipe,https://www.savingdessert.com/indian-butter-chicken-recipe/,,savingdessert.com,3
butter chicken recipe,https://www.budgetsavvydiva.com/2016/03/lemon-butter-chicken-recipe/,,budgetsavvydiva.com,3
chicken biryani recipe,https://www.whiskaffair.com/hyderabadi-chicken-biryani-recipe/,,whiskaffair.com,3
chicken biryani recipe,https://www.whiskaffair.com/ambur-chicken-biryani-recipe/,,whiskaffair.com,3
chicken biryani recipe,https://www.thatslowcarb.com/low-carb-instant-pot-chicken-biryani-recipe/,,thatslowcarb.com,3
chicken shawarma recipe,https://hungryhappens.net/easy-chicken-shawarma-recipe/,,hungryhappens.net,3
chicken shawarma recipe,https://lowcarb-ology.com/chicken-shawarma-recipe/,,lowcarb-ology.com,3
chicken shawarma recipe,https://www.smalltownwoman.com/chicken-shawarma-recipe/,,smalltownwoman.com,3
chicken tikka masala recipe,https://healthyfitnessmeals.com/chicken-tikka-masala-recipe/,,healthyfitnessmeals.com,3
chicken tikka masala recipe,https://diethood.com/easy-chicken-tikka-masala-recipe/,,diethood.com,3
chicken tikka masala recipe,https://www.whiskaffair.com/best-chicken-tikka-masala-recipe/,,whiskaffair.com,3
chicken karahi recipe,https://recipe52.com/pakistani-chicken-karahi-recipe/,,recipe52.com,3
chicken karahi recipe,https://recipe52.com/web-stories/white-chicken-karahi-recipe/,,recipe52.com,3
chicken karahi recipe,https://mamabearscookbook.com/want-something-special-for-dinner-why-not-try-our-chicken-karahi-recipe/,,mamabearscookbook.com,3
chicken korma recipe,https://www.castironketo.net/blog/chicken-korma-recipe/,,castironketo.net,3
chicken korma recipe,https://www.anediblemosaic.com/healthy-quick-chicken-korma-recipe-review-of-the-cooking-doctors-series-of-heart-healthy-mini-cookbooks/,,anediblemosaic.com,3
chicken korma recipe,https://www.cookwithkushi.com/chicken-korma-recipe/,,cookwithkushi.com,3
chicken tikka recipe,https://www.kitchensanctuary.com/chicken-tikka-recipe/,,kitchensanctuary.com,3
chicken tikka recipe,https://www.cookwithkushi.com/web-stories/easy-grilled-chicken-tikka-recipe/,,cookwithkushi.com,3
chicken tikka recipe,https://recipe52.com/web-stories/pakistani-chicken-tikka-recipe/,,recipe52.com,3
chicken seekh kebab recipe,https://www.easycookingwithmolly.com/2025/04/stir-fry-chili-chicken-seekh-kebab-recipe/,,easycookingwithmolly.com,1
chicken mandi recipe,https://www.linsfood.com/chicken-mandi-recipe-yemeni-chicken-rice/,,linsfood.com,2
chicken mandi recipe,https://diy-recipes.net/chicken-mandi-recipe/,,diy-recipes.net,2
chicken curry recipe,https://thishealthytable.com/blog/chicken-curry/chicken-curry-recipe-6-of-11/,,thishealthytable.com,3
chicken curry recipe,https://thishealthytable.com/blog/chicken-curry/chicken-curry-recipe-9-of-11/,,thishealthytable.com,3
chicken curry recipe,https://thishealthytable.com/blog/chicken-curry/chicken-curry-recipe-10-of-11/,,thishealthytable.com,3
chicken jalfrezi recipe,https://www.cookingandme.com/chicken-jalfrezi-chicken-jalfrezi-recipe-easy/,,cookingandme.com,1
chicken haleem recipe,https://recipe52.com/chicken-haleem-recipe-pakistani/,,recipe52.com,2
chicken haleem recipe,https://recipe52.com/web-stories/chicken-haleem-recipe/,,recipe52.com,2
chicken samosa recipe,https://butfirstchai.com/lebanese-chicken-samosa-recipe/,,butfirstchai.com,3
chicken samosa recipe,https://untoldrecipesbynosheen.com/chicken-samosa-recipe/,,untoldrecipesbynosheen.com,3
chicken samosa recipe,https://www.munatycooking.com/easy-chicken-samosa-recipe/,,munatycooking.com,3
chicken pakora recipe,https://www.livingsmartandhealthy.com/crispy-chicken-pakora-recipe/,,livingsmartandhealthy.com,3
chicken pakora recipe,https://www.whiskaffair.com/chicken-pakora-recipe/,,whiskaffair.com,3
chicken pakora recipe,https://www.kitchensanctuary.com/chicken-pakora-recipe/,,kitchensanctuary.com,3
lemon chicken recipe,https://thefrugalgirls.com/2016/02/crockpot-garlic-and-lemon-chicken-recipe.html,,thefrugalgirls.com,3
lemon chicken recipe,https://www.makingfrugalfun.com/easy-slow-cooker-lemon-chicken-recipe/,,makingfrugalfun.com,3
lemon chicken recipe,https://plumcrazyaboutcoupons.com/skillet-lemon-chicken-recipe/,,plumcrazyaboutcoupons.com,3
one pot chicken rice recipe,https://www.eatwithcarmen.com/web-stories/the-best-one-pot-chicken-and-rice-recipe/,,eatwithcarmen.com,3
one pot chicken rice recipe,https://diyjoy.com/one-pot-chicken-rice-recipe/,,diyjoy.com,3
one pot chicken rice recipe,https://mykitchenserenity.com/one-pot-chicken-rice-recipe/,,mykitchenserenity.com,3
sticky chicken recipe,https://thebutteredhome.com/oven-baked-garlic-sticky-chicken-recipe-with-honey-sauce/,,thebutteredhome.com,3
sticky chicken recipe,https://home-ec101.com/crockpot-friendly-sticky-chicken-recipe/,,home-ec101.com,3
sticky chicken recipe,https://www.contentednesscooking.com/easy-cajun-sticky-chicken-recipe-for-quick-meals/,,contentednesscooking.com,3
chicken wrap recipe,https://www.budgetsavvydiva.com/2012/05/simple-spicy-chicken-wrap-recipe/,,budgetsavvydiva.com,3
chicken wrap recipe,https://www.savvysavingcouple.net/greek-chicken-wrap-recipe/,,savvysavingcouple.net,3
chicken wrap recipe,https://apaigeofpositivity.com/grilled-chicken-wrap-recipe/,,apaigeofpositivity.com,3
biryani recipe,https://www.whiskaffair.com/hyderabadi-chicken-biryani-recipe/,,whiskaffair.com,3
biryani recipe,https://www.whiskaffair.com/hyderabadi-mutton-biryani-recipe/,,whiskaffair.com,3
biryani recipe,https://www.whiskaffair.com/ambur-chicken-biryani-recipe/,,whiskaffair.com,3
chicken biryani recipe,https://www.whiskaffair.com/hyderabadi-chicken-biryani-recipe/,,whiskaffair.com,3
chicken biryani recipe,https://www.whiskaffair.com/ambur-chicken-biryani-recipe/,,whiskaffair.com,3
chicken biryani recipe,https://www.thatslowcarb.com/low-carb-instant-pot-chicken-biryani-recipe/,,thatslowcarb.com,3
lamb biryani recipe,https://greatcurryrecipes.net/2013/07/27/lamb-biryani-recipe/,,greatcurryrecipes.net,1
beef biryani recipe,https://www.mygorgeousrecipes.com/beef-biryani-recipe/,,mygorgeousrecipes.com,1
vegetable biryani recipe,https://rakskitchen.net/vegetable-biryani-recipe-indian-layered-vegetable-biryani/,,rakskitchen.net,3
vegetable biryani recipe,https://www.cookwithkushi.com/web-stories/easy-vegetable-biryani-recipe/,,cookwithkushi.com,3
vegetable biryani recipe,https://recipe52.com/vegetable-biryani-recipe/,,recipe52.com,3
egg biryani recipe,https://nishkitchen.com/indian-egg-biryani-recipe/,,nishkitchen.com,3
egg biryani recipe,https://www.cookingandme.com/egg-biryani-egg-biryani-recipe/,,cookingandme.com,3
egg biryani recipe,https://www.easycookingwithmolly.com/2020/04/egg-biryani-recipe/,,easycookingwithmolly.com,3
mutton biryani recipe,https://www.whiskaffair.com/hyderabadi-mutton-biryani-recipe/,,whiskaffair.com,3
mutton biryani recipe,https://untoldrecipesbynosheen.com/best-mutton-biryani-recipe/,,untoldrecipesbynosheen.com,3
mutton biryani recipe,https://foodiesterminal.com/easy-mutton-biryani-recipe/,,foodiesterminal.com,3
hyderabadi biryani recipe,https://nishkitchen.com/hyderabadi-biryani-recipe/,,nishkitchen.com,3
hyderabadi biryani recipe,https://www.recipezazz.com/recipe/hyderabadi-biryani-recipe-43437,,recipezazz.com,3
hyderabadi biryani recipe,https://headbangerskitchen.com/hyderabadi-biryani-recipe/,,headbangerskitchen.com,3
kabsa recipe,https://www.munatycooking.com/chicken-kabsa-recipe/,,munatycooking.com,1
mutton pulao recipe,https://www.whiskaffair.com/spicy-mutton-pulao-recipe/,,whiskaffair.com,1
lamb curry recipe,https://www.cuisineandtravel.com/authentic-indian-lamb-curry-recipe/,,cuisineandtravel.com,3
lamb curry recipe,https://www.amazingfoodmadeeasy.com/info/modernist-recipes/more/sous-vide-lamb-curry-recipe,,amazingfoodmadeeasy.com,3
lamb curry recipe,https://myfoodstory.com/slow-cooker-lamb-curry-recipe/,,myfoodstory.com,3
lamb chops recipe,https://www.healthy-delicious.com/garlic-herb-lamb-chops-recipe/,,healthy-delicious.com,3
lamb chops recipe,https://www.platingsandpairings.com/web-stories/broiled-lamb-chops-recipe/,,platingsandpairings.com,3
lamb chops recipe,https://airfryerworld.com/air-fryer-lamb-chops-recipe/,,airfryerworld.com,3
lamb shank recipe,https://www.feastingathome.com/braised-lamb-shank-recipe/,,feastingathome.com,3
lamb shank recipe,https://homebrewacademy.com/beer-braised-lamb-shank-recipe/,,homebrewacademy.com,3
lamb shank recipe,https://www.recipetineats.com/persian-lamb-shank-recipe/,,recipetineats.com,3
lamb kofta recipe,https://zestfulkitchen.com/lamb-kofta-recipe/,,zestfulkitchen.com,1
lamb biryani recipe,https://greatcurryrecipes.net/2013/07/27/lamb-biryani-recipe/,,greatcurryrecipes.net,1
beef curry recipe,https://homesteadingfamily.com/ground-beef-curry-recipe/,,homesteadingfamily.com,3
beef curry recipe,https://nishkitchen.com/20-minute-one-pan-easy-ground-beef-curry-recipe/,,nishkitchen.com,3
beef curry recipe,https://japanesecooking101.com/eggplant-and-ground-beef-curry-recipe/,,japanesecooking101.com,3
beef biryani recipe,https://www.mygorgeousrecipes.com/beef-biryani-recipe/,,mygorgeousrecipes.com,1
beef kofta recipe,https://grantourismotravels.com/beef-kofta-recipe/,,grantourismotravels.com,3
beef kofta recipe,https://zestfulkitchen.com/beef-kofta-recipe/,,zestfulkitchen.com,3
beef kofta recipe,https://hildaskitchenblog.com/recipe/beef-kofta-recipe/,,hildaskitchenblog.com,3
beef nihari recipe,https://falasteenifoodie.com/easy-pakistani-beef-nihari-recipe-pakistani-stew/,,falasteenifoodie.com,1
beef kebab recipe,https://theeastcoastkitchen.com/beef-kebab-recipe-sheet-pan-kebabs-in-20-minutes/,,theeastcoastkitchen.com,2
beef kebab recipe,https://urbanfarmandkitchen.com/kabob-koobideh-persian-beef-kebab-recipe/,,urbanfarmandkitchen.com,2
keema recipe,https://www.whiskaffair.com/karahi-chicken-keema-recipe/,,whiskaffair.com,3
keema recipe,https://www.cookingandme.com/chicken-keema-recipe/,,cookingandme.com,3
keema recipe,https://greatcurryrecipes.net/2021/03/02/keema-recipe/,,greatcurryrecipes.net,3
keema matar recipe,https://www.funfoodfrolic.com/keema-matar-recipe/,,funfoodfrolic.com,1
pasanda recipe,https://rakskitchen.net/paneer-pasanda-recipe-paneer-recipes/,,rakskitchen.net,2
pasanda recipe,https://www.vegrecipesofindia.com/paneer-pasanda-recipe-restaurant-style/,,vegrecipesofindia.com,2
hummus recipe,https://homemakeronabudget.com/simple-hummus-recipe-no-oil/,,homemakeronabudget.com,3
hummus recipe,https://gorilla-fitnesswatches.com/creamy-hummus-recipe/,,gorilla-fitnesswatches.com,3
hummus recipe,https://gorilla-fitnesswatches.com/greek-hummus-recipe/,,gorilla-fitnesswatches.com,3
falafel recipe,https://4hatsandfrugal.com/2008/09/falafel-recipe.html,,4hatsandfrugal.com,3
falafel recipe,https://www.southerninlaw.com/2019/01/easy-gluten-free-carrot-baked-falafel-recipe-vegan.html,,southerninlaw.com,3
falafel recipe,https://www.southerninlaw.com/2016/06/healthy-easy-homemade-baked-falafel-recipe-vegan.html,,southerninlaw.com,3
shawarma recipe,https://themomnutritionist.com/lebanese-shawarma-recipe/,,themomnutritionist.com,3
shawarma recipe,https://hungryhappens.net/easy-chicken-shawarma-recipe/,,hungryhappens.net,3
shawarma recipe,https://lowcarb-ology.com/chicken-shawarma-recipe/,,lowcarb-ology.com,3
fattoush salad recipe,https://thishealthytable.com/blog/best-fattoush-salad-recipe/,,thishealthytable.com,3
fattoush salad recipe,https://thishealthytable.com/blog/best-fattoush-salad-recipe/the-best-fattoush-salad-recipe-8-of-8/,,thishealthytable.com,3
fattoush salad recipe,https://thishealthytable.com/blog/best-fattoush-salad-recipe/the-best-fattoush-salad-recipe-5-of-8/,,thishealthytable.com,3
tabbouleh recipe,https://www.foodfaithfitness.com/tabbouleh-recipe/,,foodfaithfitness.com,3
tabbouleh recipe,https://thewellnessnerd.com/simple-no-carb-tabbouleh-recipe/,,thewellnessnerd.com,3
tabbouleh recipe,https://www.alecooks.com/healthy-and-easy-cauliflower-tabbouleh-recipe/,,piloncilloyvainilla.com,3
baba ganoush recipe,https://www.wellnesswarrior.org/keto-baba-ganoush-recipe/,,wellnesswarrior.org,3
baba ganoush recipe,https://www.healthy-delicious.com/baba-ganoush-recipe/,,healthy-delicious.com,3
baba ganoush recipe,https://www.anediblemosaic.com/baba-ganoush-recipe/,,anediblemosaic.com,3
ful medames recipe,https://falasteenifoodie.com/ful-medames-recipe-stewed-fava-beans/,,falasteenifoodie.com,3
ful medames recipe,https://www.alphafoodie.com/ful-medames-recipe/,,alphafoodie.com,3
ful medames recipe,https://www.unicornsinthekitchen.com/ful-medames-recipe/,,unicornsinthekitchen.com,3
shakshuka recipe,https://thishealthytable.com/blog/shakshouka-recipe/shakshuka-recipe-2-of-13/,,thishealthytable.com,3
shakshuka recipe,https://thishealthytable.com/blog/shakshouka-recipe/shakshuka-recipe-11-of-13/,,thishealthytable.com,3
shakshuka recipe,https://thishealthytable.com/blog/shakshouka-recipe/shakshuka-recipe-1-of-13/,,thishealthytable.com,3
mansaf recipe,https://www.alphafoodie.com/mansaf-recipe/,,alphafoodie.com,2
mansaf recipe,https://www.munatycooking.com/mansaf-recipe/,,munatycooking.com,2
musakhan recipe,https://zestfulkitchen.com/musakhan-recipe/,,zestfulkitchen.com,3
musakhan recipe,https://falasteenifoodie.com/traditional-palestinian-musakhan-recipe/,,falasteenifoodie.com,3
musakhan recipe,https://travelfoodatlas.com/palestinian-musakhan-recipe,,travelfoodatlas.com,3
maqluba recipe,https://littlesunnykitchen.com/maqluba-recipe/,,littlesunnykitchen.com,3
maqluba recipe,https://thecookingfoodie.com/recipe/chicken-maqluba-recipe-upside-down-rice/,,thecookingfoodie.com,3
maqluba recipe,https://www.linsfood.com/vegetable-maqluba-recipe-vegan-makloubeh/,,linsfood.com,3
kibbeh recipe,https://happymuncher.com/lebanese-kibbeh-recipe/,,happymuncher.com,3
kibbeh recipe,https://hildaskitchenblog.com/recipe/kibbeh-recipe-vegan-lentil-patties/,,hildaskitchenblog.com,3
kibbeh recipe,https://falasteenifoodie.com/lebanese-fried-kibbeh-recipe/,,falasteenifoodie.com,3
muhammara recipe,https://thishealthytable.com/blog/how-to-toast-walnuts/muhammara-recipe-2-of-7/,,thishealthytable.com,3
muhammara recipe,https://thishealthytable.com/blog/how-to-toast-walnuts/muhammara-recipe-3-of-7/,,thishealthytable.com,3
muhammara recipe,https://thishealthytable.com/blog/how-to-toast-walnuts/muhammara-recipe-5-of-7/,,thishealthytable.com,3
samosa recipe,https://www.whiskaffair.com/mutton-keema-samosa-recipe/,,whiskaffair.com,3
samosa recipe,https://www.whiskaffair.com/punjabi-samosa-recipe/,,whiskaffair.com,3
samosa recipe,https://butfirstchai.com/lebanese-chicken-samosa-recipe/,,butfirstchai.com,3
spring roll recipe,https://rakskitchen.net/vegetable-spring-roll-recipe-vegetarian/,,rakskitchen.net,3
spring roll recipe,https://www.favfamilyrecipes.com/shrimp-spring-roll-recipe/,,favfamilyrecipes.com,3
spring roll recipe,https://www.cookincanuck.com/shrimp-californiaavocado-rice-noodle-spring-roll-recipe/,,cookincanuck.com,3
pakora recipe,https://www.livingsmartandhealthy.com/rice-pakora-recipe-chawal-ke-pakode/,,livingsmartandhealthy.com,3
pakora recipe,https://www.livingsmartandhealthy.com/crispy-chicken-pakora-recipe/,,livingsmartandhealthy.com,3
pakora recipe,https://www.whiskaffair.com/bread-pakora-recipe/,,whiskaffair.com,3
onion bhaji recipe,https://www.kitchensanctuary.com/air-fryer-onion-bhaji-recipe/,,kitchensanctuary.com,2
onion bhaji recipe,https://cookingfrog.com/crispy-onion-bhaji-recipe-indian-kanda-bhaji/,,cookingfrog.com,2
chaat recipe,https://diethood.com/indian-samosa-chaat-recipe/,,diethood.com,3
chaat recipe,https://www.whiskaffair.com/samosa-chaat-recipe/,,whiskaffair.com,3
chaat recipe,https://www.whiskaffair.com/egg-chaat-recipe/,,whiskaffair.com,3
aloo tikki recipe,https://www.whiskaffair.com/aloo-tikki-recipe/,,whiskaffair.com,3
aloo tikki recipe,https://plantbasedandbroke.com/easy-baked-aloo-tikki-recipe/,,plantbasedandbroke.com,3
aloo tikki recipe,https://rakskitchen.net/aloo-tikki-recipe-make-aloo-tikki/,,rakskitchen.net,3
pani puri recipe,https://rakskitchen.net/pani-puri-recipe-pani-puri-pani-recipe/,,rakskitchen.net,3
pani puri recipe,https://myfoodstory.com/easy-pani-puri-recipe/,,myfoodstory.com,3
pani puri recipe,https://cookilicious.com/indian-mexican-pani-puri-recipe/,,cookilicious.com,3
dahi puri recipe,https://rakskitchen.net/schezwan-dahi-puri-recipe-spicy-dahi-puri-recipe/,,rakskitchen.net,3
dahi puri recipe,https://rakskitchen.net/dahi-puri-recipe-indian-chaat-recipes/,,rakskitchen.net,3
dahi puri recipe,https://rachnacooks.com/dahi-puri-recipe-how-make-dahi-puri/,,rachnacooks.com,3
chicken wings recipe,https://www.savingyoudinero.com/2018/02/26/air-fryer-chicken-wings-recipe/,,savingyoudinero.com,3
chicken wings recipe,https://crazy4couponing.com/post/perfectly-spicy-the-ultimate-instant-pot-buffalo-chicken-wings-recipe,,crazyforcouponing.com,3
chicken wings recipe,https://soreyfitness.com/recipes/keto-chicken-wings-recipe/,,soreyfitness.com,3
potato wedges recipe,https://thefrugalgirls.com/2009/11/seasoned-potato-wedges-recipe-jo-jos.html,,thefrugalgirls.com,3
potato wedges recipe,https://www.savvysavingcouple.net/web-stories/crispy-baked-potato-wedges-recipe-to-try/,,savvysavingcouple.net,3
potato wedges recipe,https://www.foodfaithfitness.com/potato-wedges-recipe/,,foodfaithfitness.com,3
stuffed mushrooms recipe,https://www.budgetsavvydiva.com/2013/03/addicting-stuffed-mushrooms-recipe/,,budgetsavvydiva.com,3
stuffed mushrooms recipe,https://www.hotcouponworld.com/spinach-stuffed-mushrooms-recipe/,,hotcouponworld.com,3
stuffed mushrooms recipe,https://www.hotcouponworld.com/frugal-recipe-cheese-bacon-stuffed-mushrooms-recipe/,,hotcouponworld.com,3
cheese rolls recipe,https://diyjoy.com/crockpot-garlic-cheese-rolls-recipe/,,diyjoy.com,1
shrimp tempura recipe,https://www.foodfaithfitness.com/shrimp-tempura-recipe/,,foodfaithfitness.com,1
baklava recipe,https://www.deliciousmeetshealthy.com/baklava-recipe/,,deliciousmeetshealthy.com,3
baklava recipe,https://www.savingdessert.com/honey-baklava-recipe/,,savingdessert.com,3
baklava recipe,https://diethood.com/traditional-baklava-recipe/,,diethood.com,3
kunafa recipe,https://www.healthylifetrainer.com/sweet-kunafa-recipe/,,healthylifetrainer.com,3
kunafa recipe,https://hildaskitchenblog.com/recipe/cheese-kunafa-recipe-kunefe/,,hildaskitchenblog.com,3
kunafa recipe,https://lifestyleofafoodie.com/easy-kunafa-recipe/,,lifestyleofafoodie.com,3
basbousa recipe,https://www.wellnesswarrior.org/keto-basbousa-recipe/,,wellnesswarrior.org,3
basbousa recipe,https://www.anediblemosaic.com/basbousa-recipe/,,anediblemosaic.com,3
basbousa recipe,https://www.cookwithkushi.com/basbousa-recipe-semolina-cake/,,cookwithkushi.com,3
gulab jamun recipe,https://thetravelbite.com/recipes/gulab-jamun-recipe/,,thetravelbite.com,3
gulab jamun recipe,https://rakskitchen.net/gulkand-gulab-jamun-recipe-gulkand-recipes/,,rakskitchen.net,3
gulab jamun recipe,https://rakskitchen.net/milk-powder-gulab-jamun-recipe-diwali-sweets/,,rakskitchen.net,3
kheer recipe,https://www.whiskaffair.com/carrot-kheer-recipe/,,whiskaffair.com,3
kheer recipe,https://www.whiskaffair.com/rose-sabudana-kheer-recipe/,,whiskaffair.com,3
kheer recipe,https://www.whiskaffair.com/badam-kheer-recipe/,,whiskaffair.com,3
rice pudding recipe,https://neilshealthymeals.com/best-baked-rice-pudding-recipe/,,neilshealthymeals.com,3
rice pudding recipe,https://www.budgetsavvydiva.com/2013/08/easy-rice-pudding-recipe/,,budgetsavvydiva.com,3
rice pudding recipe,https://www.savvysavingcouple.net/web-stories/eggnog-rice-pudding-recipe/,,savvysavingcouple.net,3
halva recipe,https://nadiashealthykitchen.com/healthy-tahini-halva-recipe/,,nadiashealthykitchen.com,3
halva recipe,https://www.giverecipe.com/turkish-halva-recipe/,,giverecipe.com,3
halva recipe,https://www.unicornsinthekitchen.com/persian-halva-recipe/,,unicornsinthekitchen.com,3
sheer khurma recipe,https://butfirstchai.com/sheer-khurma-recipe/,,butfirstchai.com,3
sheer khurma recipe,https://rakskitchen.net/sheer-khurma-recipe/,,rakskitchen.net,3
sheer khurma recipe,https://www.cookwithkushi.com/web-stories/sheer-khurma-recipe/,,cookwithkushi.com,3
jalebi recipe,https://rakskitchen.net/apple-jalebi-recipe-easy-holi-recipes/,,rakskitchen.net,3
jalebi recipe,https://rakskitchen.net/jalebi-recipe-diwali-sweet-recipes/,,rakskitchen.net,3
jalebi recipe,https://www.cookwithkushi.com/paneer-jalebi-recipe/,,cookwithkushi.com,3
sohan halwa recipe,https://blessmyfoodbypayal.com/kadak-sohan-halwa-recipe-with-wheat-flour/,,blessmyfoodbypayal.com,1
carrot halwa recipe,https://rakskitchen.net/carrot-halwa-recipe-carrot-halwa-without-khoya/,,rakskitchen.net,3
carrot halwa recipe,https://www.cookwithkushi.com/carrot-halwa-recipe-gajar-ka-halwa-recipe/,,cookwithkushi.com,3
carrot halwa recipe,https://www.cookingandme.com/gajar-ka-halwa-carrot-halwa-recipe/,,cookingandme.com,3
mochi ice cream recipe,https://happyhappynester.com/mochi-ice-cream-recipe-with-mochiko/,,happyhappynester.com,3
mochi ice cream recipe,https://thecookingfoodie.com/recipe/mochi-ice-cream-recipe/,,thecookingfoodie.com,3
mochi ice cream recipe,https://www.biggerbolderbaking.com/chocolate-mochi-ice-cream-recipe/,,biggerbolderbaking.com,3
churros recipe,https://www.savingyoudinero.com/2018/07/27/air-fryer-churros-recipe/,,savingyoudinero.com,3
churros recipe,https://www.thefrugalnavywife.com/sweet-churro-waffles/the-best-churros-recipe-sweet-churro-waffles-recipe-hoz/,,thefrugalnavywife.com,3
churros recipe,https://www.thefrugalnavywife.com/sweet-churro-waffles/the-best-churros-recipe-sweet-churro-waffles-recipe-butter/,,thefrugalnavywife.com,3
malpua recipe,https://rakskitchen.net/malpua-recipe-with-rabri-malpua-with-wheat-flour/,,rakskitchen.net,3
malpua recipe,https://www.tashasartisanfoods.com/blog/easy-malpua-recipe/,,tashasartisanfoods.com,3
malpua recipe,https://www.cookwithmanali.com/malpua-recipe-how-to-make-malpua/,,cookwithmanali.com,3
coconut ladoo recipe,https://rakskitchen.net/coconut-ladoo-recipe-with-condensed-milk/,,rakskitchen.net,3
coconut ladoo recipe,https://www.cookwithkushi.com/coconut-ladoo-recipe/,,cookwithkushi.com,3
coconut ladoo recipe,https://www.cookwithkushi.com/web-stories/best-coconut-ladoo-recipe/,,cookwithkushi.com,3
semolina cake recipe,https://humbly-homemade.com/semolina-cake-recipe-basbousa/,,humbly-homemade.com,2
semolina cake recipe,https://humbly-homemade.com/web-stories/https-humbly-homemade-com-semolina-cake-recipe-basbousa/,,humbly-homemade.com,2
pistachio ice cream recipe,https://thesaltycooker.com/honey-fig-pistachio-ice-cream-recipe/,,thesaltycooker.com,3
pistachio ice cream recipe,https://thecookingfoodie.com/recipe/pistachio-ice-cream-recipe/,,thecookingfoodie.com,3
pistachio ice cream recipe,https://www.egglesscooking.com/pistachio-ice-cream-recipe/,,egglesscooking.com,3
saffron ice cream recipe,https://explorecookeat.com/easy-no-cook-indian-saffron-ice-cream-recipe/,,explorecookeat.com,1
rose milk cake recipe,https://www.tashasartisanfoods.com/blog/rose-tres-leches-aka-rose-milk-cake-recipe/,,tashasartisanfoods.com,1
lentil soup recipe,https://vlhhealth.com/trader-joes-lentil-soup-recipe/,,vlhhealth.com,3
lentil soup recipe,https://thishealthytable.com/blog/vegan-lentil-soup-with-carrots-potatoes/vegan-lentil-soup-recipe-2-of-3/,,thishealthytable.com,3
lentil soup recipe,https://thishealthytable.com/blog/vegan-lentil-soup-with-carrots-potatoes/vegan-lentil-soup-recipe-1-of-3/,,thishealthytable.com,3
haleem recipe,https://untoldrecipesbynosheen.com/easy-pakistani-beef-haleem-recipe/,,untoldrecipesbynosheen.com,3
haleem recipe,https://headbangerskitchen.com/haleem-recipe/,,headbangerskitchen.com,3
haleem recipe,https://www.linsfood.com/haleem-recipe/,,linsfood.com,3
shorba recipe,https://www.whiskaffair.com/tomato-shorba-recipe/,,whiskaffair.com,3
shorba recipe,https://www.funfoodfrolic.com/one-pot-chicken-shorba-recipe/,,funfoodfrolic.com,3
shorba recipe,https://www.vegrecipesofindia.com/shorba-recipe-for-biryani-pulao/,,vegrecipesofindia.com,3
tomato soup recipe,https://mamaknowsnutrition.com/recipes/easy-tomato-soup-recipe/,,mamaknowsnutrition.com,3
tomato soup recipe,https://thefrugalgirls.com/2024/08/tomato-soup-recipe.html,,thefrugalgirls.com,3
tomato soup recipe,https://www.savingdessert.com/tortellini-tomato-soup-recipe/,,savingdessert.com,3
chicken corn soup recipe,https://rainbowdesire.com/chicken-corn-soup-recipe/,,rainbowdesire.com,3
chicken corn soup recipe,https://barefeetinthekitchen.com/creamy-mexican-chicken-and-corn-soup-recipe/,,barefeetinthekitchen.com,3
chicken corn soup recipe,https://mealswithmaria.site/chicken-and-corn-soup-recipe/,,mealswithmaria.site,3
dal recipe,https://www.foodfaithfitness.com/dal-recipe/,,foodfaithfitness.com,3
dal recipe,https://www.foodfaithfitness.com/urad-dal-recipe/,,foodfaithfitness.com,3
dal recipe,https://healthiersteps.com/masoor-dal-recipe/,,healthiersteps.com,3
dal makhani recipe,https://www.foodfaithfitness.com/dal-makhani-recipe/,,foodfaithfitness.com,3
dal makhani recipe,https://www.whiskaffair.com/restaurant-style-dal-makhani-recipe/,,whiskaffair.com,3
dal makhani recipe,https://www.kitchensanctuary.com/dal-makhani-recipe/,,kitchensanctuary.com,3
chana masala recipe,https://jeanetteshealthyliving.com/vegetarian-chana-masala-recipe/,,jeanetteshealthyliving.com,3
chana masala recipe,https://spainonafork.com/indian-chickpea-curry-chana-masala-recipe/,,spainonafork.com,3
chana masala recipe,https://carameltintedlife.com/web-stories/chana-masala-recipe/,,carameltintedlife.com,3
dal tadka recipe,https://www.foodfaithfitness.com/dal-tadka-recipe/,,foodfaithfitness.com,3
dal tadka recipe,https://www.whiskaffair.com/punjabi-dal-tadka-recipe/,,whiskaffair.com,3
dal tadka recipe,https://rakskitchen.net/lasooni-dal-tadka-recipe-easy-dal-recipes/,,rakskitchen.net,3
palak paneer recipe,https://www.whiskaffair.com/palak-paneer-recipe/,,whiskaffair.com,3
palak paneer recipe,https://butfirstchai.com/palak-paneer-recipe/,,butfirstchai.com,3
palak paneer recipe,https://rakskitchen.net/palak-paneer-recipe-how-to-make-palak-paneer/,,rakskitchen.net,3
matar paneer recipe,https://www.whiskaffair.com/matar-paneer-recipe/,,whiskaffair.com,3
matar paneer recipe,https://rakskitchen.net/matar-paneer-recipe-paneer-mutter-masala/,,rakskitchen.net,3
matar paneer recipe,https://www.cookingandme.com/matar-paneer-recipe-mattar-paneer-how/,,cookingandme.com,3
shahi paneer recipe,https://www.kuchpakrahahai.in/shahi-paneer-recipe/,,kuchpakrahahai.in,3
shahi paneer recipe,https://rakskitchen.net/shahi-paneer-recipe-indian-paneer-recipes/,,rakskitchen.net,3
shahi paneer recipe,https://thetwincookingproject.net/easy-shahi-paneer-recipe-indian-cottage-cheese-curry/,,thetwincookingproject.net,3
paneer butter masala recipe,https://www.whiskaffair.com/easy-restaurant-style-paneer-butter-masala-recipe/,,whiskaffair.com,3
paneer butter masala recipe,https://www.anediblemosaic.com/paneer-butter-masala-recipe-paneer-makhani/,,anediblemosaic.com,3
paneer butter masala recipe,https://rakskitchen.net/paneer-butter-masala-recipe-how-to-make-paneer-butter-masala/,,rakskitchen.net,3
egg curry recipe,https://www.whiskaffair.com/masala-egg-curry-recipe/,,whiskaffair.com,3
egg curry recipe,https://www.whiskaffair.com/dhaba-style-egg-curry-recipe/,,whiskaffair.com,3
egg curry recipe,https://www.whiskaffair.com/kerala-egg-curry-recipe/,,whiskaffair.com,3
fish curry recipe,https://www.whiskaffair.com/kerala-fish-curry-recipe/,,whiskaffair.com,3
fish curry recipe,https://www.whiskaffair.com/goan-fish-curry-recipe/,,whiskaffair.com,3
fish curry recipe,https://www.whiskaffair.com/tomato-fish-curry-recipe/,,whiskaffair.com,3
coconut curry recipe,https://town-n-country-living.com/vegetarian-green-coconut-curry-recipe.html,,town-n-country-living.com,3
coconut curry recipe,https://weareglobaltravellers.com/2018/05/my-favourite-chickpea-and-sweet-potato-coconut-curry-recipe/,,weareglobaltravellers.com,3
coconut curry recipe,https://plantbasedandbroke.com/easy-red-lentil-coconut-curry-recipe/,,plantbasedandbroke.com,3
thai green curry recipe,https://happyhealthymama.com/thai-green-curry-recipe.html,,happyhealthymama.com,3
thai green curry recipe,https://healthythairecipes.com/thai-moms-green-curry/thai-moms-easy-and-healthy-thai-green-curry-recipe-featured-image/,,healthythairecipes.com,3
thai green curry recipe,https://healthythairecipes.com/thai-moms-healthy-and-easy-6-ingredient-green-curry-recipe-%e0%b8%aa%e0%b8%b9%e0%b8%95%e0%b8%a3%e0%b9%81%e0%b8%81%e0%b8%87%e0%b9%80%e0%b8%82%e0%b8%b5%e0%b8%a2%e0%b8%a7%e0%b8%ab%e0%b8%a7%e0%b8%b2/thai-moms-easy-and-healthy-thai-green-curry-recipe-featured-image-2/,,healthythairecipes.com,3
red lentil dal recipe,https://thecookingfoodie.com/recipe/red-lentil-dal-recipe-masoor-dal/,,thecookingfoodie.com,1
harira soup recipe,https://www.mesinspirationsculinaires.com/en/article-moroccan-harira-soup-recipe.html,,mesinspirationsculinaires.com,1
naan bread recipe,https://www.joeshealthymeals.com/super-easy-naan-bread-recipe/,,joeshealthymeals.com,3
naan bread recipe,https://www.yummyhealthyeasy.com/homemade-naan-bread-recipe/,,yummyhealthyeasy.com,3
naan bread recipe,https://diethood.com/easy-naan-bread-recipe/,,diethood.com,3
garlic naan recipe,https://healthysimpleyum.com/garlic-naan-recipe/,,healthysimpleyum.com,3
garlic naan recipe,https://www.ruffdetails.com/blog/authentic-garlic-naan-recipe-an-authentic-indian-recipe-website,,ruffdetails.com,3
garlic naan recipe,https://www.ruffdetails.com/recipes/authentic-garlic-naan-recipe-an-authentic-indian-recipe-website,,ruffdetails.com,3
roti recipe,https://thatgirlcookshealthy.com/keto-roti-recipe-with-almond-flour/,,thatgirlcookshealthy.com,3
roti recipe,https://www.ieatketo.com/keto-roti-recipe/,,ieatketo.com,3
roti recipe,https://www.whiskaffair.com/tandoori-roti-recipe/,,whiskaffair.com,3
paratha recipe,https://www.livingsmartandhealthy.com/methi-paratha-recipe/,,livingsmartandhealthy.com,3
paratha recipe,https://www.livingsmartandhealthy.com/palak-paneer-paratha-recipe/,,livingsmartandhealthy.com,3
paratha recipe,https://www.livingsmartandhealthy.com/bathua-paratha-recipe/,,livingsmartandhealthy.com,3
aloo paratha recipe,https://www.whiskaffair.com/aloo-paratha-recipe/,,whiskaffair.com,3
aloo paratha recipe,https://butfirstchai.com/aloo-paratha-recipe-for-beginners/,,butfirstchai.com,3
aloo paratha recipe,https://untoldrecipesbynosheen.com/easy-aloo-paratha-recipe/,,untoldrecipesbynosheen.com,3
pita bread recipe,https://www.hauteandhealthyliving.com/web-stories/high-protein-pita-bread-recipe-story/,,hauteandhealthyliving.com,3
pita bread recipe,https://makeitdairyfree.com/homemade-pita-bread-recipe/,,makeitdairyfree.com,3
pita bread recipe,https://www.yourhomebasedmom.com/pita-bread-recipe/,,yourhomebasedmom.com,3
manakeesh recipe,https://silkroadrecipes.com/zaatar-bread-manakeesh-recipe/,,silkroadrecipes.com,2
manakeesh recipe,https://tastegreatfoodie.com/easy-manakeesh-recipe/,,tastegreatfoodie.com,2
puff pastry recipe,https://www.marcellinaincucina.com/apple-turnovers-with-puff-pastry-recipe/,,marcellinaincucina.com,3
puff pastry recipe,https://dailyyum.com/air-fryer-mushroom-puff-pastry/homemade-mushroom-puff-pastry-recipe/,,dailyyum.com,3
puff pastry recipe,https://dailyyum.com/air-fryer-pineapple-puff-pastry/air-fryer-pineapple-puff-pastry-recipe/,,dailyyum.com,3
pizza dough recipe,https://www.mymoneyblog.com/easiest-fastest-homemade-pizza-dough-recipe.html,,mymoneyblog.com,3
pizza dough recipe,https://thefrugalgirls.com/2022/02/homemade-pizza-dough-recipe.html,,thefrugalgirls.com,3
pizza dough recipe,https://savingdollarsandsense.com/best-easy-pizza-dough-recipe/,,savingdollarsandsense.com,3
flatbread recipe,https://yourhealthybeginning.com/post/margherita-flatbread-recipe/,,yourhealthybeginning.com,3
flatbread recipe,https://beatthebudget.com/recipe/flatbread-recipe/,,beatthebudget.com,3
flatbread recipe,https://www.southerninlaw.com/2014/06/single-serve-healthy-vegemite-pizza-flatbread-recipe.html,,southerninlaw.com,3
cheese naan recipe,https://www.vegrecipesofindia.com/cheese-naan-recipe/,,vegrecipesofindia.com,1
laffa bread recipe,https://barefeetinthekitchen.com/how-to-make-laffa-bread-recipe/,,barefeetinthekitchen.com,1
tahini sauce recipe,https://serenetrail.com/web-stories/spicy-tahini-sauce-recipe/,,serenetrail.com,3
tahini sauce recipe,https://www.thehealthymaven.com/tahini-sauce-recipe/,,thehealthymaven.com,3
tahini sauce recipe,https://www.thehealthymaven.com/web-stories/tahini-sauce-recipe/,,thehealthymaven.com,3
toum recipe,https://www.anediblemosaic.com/web-stories/toum-recipe-middle-eastern-whipped-garlic-sauce/,,anediblemosaic.com,3
toum recipe,https://grantourismotravels.com/toum-recipe-toumeya-middle-eastern-garlic-sauce/,,grantourismotravels.com,3
toum recipe,https://plantbasedfolk.com/traditional-lebanese-garlic-sauce-toum-recipe/,,plantbasedfolk.com,3
garlic sauce recipe,https://wellnessbykay.com/web-stories/beef-with-garlic-sauce-recipe/,,wellnessbykay.com,3
garlic sauce recipe,https://healthyslowcooking.com/break-up-with-takeout-quick-and-easy-vegan-broccoli-with-spicy-garlic-sauce-recipe/,,healthyslowcooking.com,3
garlic sauce recipe,https://www.platingsandpairings.com/lebanese-garlic-sauce-recipe-toum/,,platingsandpairings.com,3
mint chutney recipe,https://www.whiskaffair.com/mint-chutney-recipe/,,whiskaffair.com,3
mint chutney recipe,https://www.feastingathome.com/cilantro-mint-chutney-recipe/,,feastingathome.com,3
mint chutney recipe,https://rakskitchen.net/mint-chutney-recipe-pudina-chutney-with-coconut/,,rakskitchen.net,3
tamarind chutney recipe,https://thatgirlcookshealthy.com/tamarind-chutney-recipe/,,thatgirlcookshealthy.com,3
tamarind chutney recipe,https://www.livingsmartandhealthy.com/imli-ki-chutney-tamarind-chutney-recipe/,,livingsmartandhealthy.com,3
tamarind chutney recipe,https://caribbeanpot.com/simple-tamarind-chutney-recipe/,,caribbeanpot.com,3
raita recipe,https://www.foodfaithfitness.com/raita-recipe/,,foodfaithfitness.com,3
raita recipe,https://www.livingsmartandhealthy.com/lauki-raita-recipe-dudhi-raita/,,livingsmartandhealthy.com,3
raita recipe,https://www.livingsmartandhealthy.com/boondi-raita-recipe/,,livingsmartandhealthy.com,3
cilantro chutney recipe,https://www.easycookingwithmolly.com/2012/08/indian-cilantro-chutney-recipe/,,easycookingwithmolly.com,1
mango chutney recipe,https://www.kitchensanctuary.com/mango-chutney-recipe/,,kitchensanctuary.com,3
mango chutney recipe,https://rakskitchen.net/raw-mango-chutney-recipe-sweet-sour-spicy/,,rakskitchen.net,3
mango chutney recipe,https://untoldrecipesbynosheen.com/raw-mango-chutney-recipe-no-cook/,,untoldrecipesbynosheen.com,3
chili garlic sauce recipe,https://thisishowicook.com/chinese-chili-garlic-sauce-recipe/,,thisishowicook.com,2
chili garlic sauce recipe,https://www.cookclickndevour.com/momos-chutney-recipe-chili-garlic-sauce-recipe/,,cookclickndevour.com,2
yogurt dip recipe,https://www.budgetsavvydiva.com/2013/04/creamy-avocado-yogurt-dip-recipe/,,budgetsavvydiva.com,3
yogurt dip recipe,https://www.southerninlaw.com/2014/03/healthy-garlic-and-herb-yogurt-dip-recipe.html,,southerninlaw.com,3
yogurt dip recipe,https://www.foodfaithfitness.com/greek-yogurt-dip-recipe/,,foodfaithfitness.com,3
harissa paste recipe,https://sinfulkitchen.com/moroccan-harissa-paste-recipe/,,sinfulkitchen.com,3
harissa paste recipe,https://www.recipemagik.com/harissa-paste-recipe/,,recipemagik.com,3
harissa paste recipe,https://urbanfarmandkitchen.com/north-african-harissa-paste-recipe/,,urbanfarmandkitchen.com,3
zhoug sauce recipe,https://cookieandkate.com/zhoug-sauce-recipe/,,cookieandkate.com,3
zhoug sauce recipe,https://www.unicornsinthekitchen.com/zhoug-sauce-recipe/,,unicornsinthekitchen.com,3
zhoug sauce recipe,https://www.cookingwithcamilla.com/zhoug-sauce-recipe/,,cookingwithcamilla.com,3
bbq sauce recipe,https://thespicetrain.com/sriracha-bbq-sauce-recipe/,,thespicetrain.com,3
bbq sauce recipe,https://thefrugalgirls.com/2015/02/easy-homemade-hickory-bbq-sauce-recipe.html,,thefrugalgirls.com,3
bbq sauce recipe,https://www.savingdessert.com/easy-honey-bbq-sauce-recipe/,,savingdessert.com,3
chimichurri recipe,https://airfryerworld.com/web-stories/air-fryer-lamp-loin-chops-with-chimichurri-recipe/,,airfryerworld.com,3
chimichurri recipe,https://www.alecooks.com/the-best-authentic-chimichurri-recipe/,,piloncilloyvainilla.com,3
chimichurri recipe,https://apaigeofpositivity.com/web-stories/chimichurri-recipe/,,apaigeofpositivity.com,3
greek salad recipe,https://www.wellnesswarrior.org/keto-zoodle-greek-salad-recipe/,,wellnesswarrior.org,3
greek salad recipe,https://www.savingdessert.com/easy-greek-salad-recipe/,,savingdessert.com,3
greek salad recipe,https://www.healthygreenkitchen.com/israeli-couscous-greek-salad-recipe/,,healthygreenkitchen.com,3
cucumber salad recipe,https://wanderlustandwellness.org/spicy-cucumber-salad-recipe/,,wanderlustandwellness.org,3
cucumber salad recipe,https://wanderlustandwellness.org/web-stories/spicy-cucumber-salad-recipe-story/,,wanderlustandwellness.org,3
cucumber salad recipe,https://wanderlustandwellness.org/web-stories/spicy-cucumber-salad-recipe-story-2/,,wanderlustandwellness.org,3
fattoush recipe,https://happymuncher.com/lebanese-fattoush-recipe/,,happymuncher.com,3
fattoush recipe,https://www.101cookbooks.com/archives/naamas-fattoush-recipe.html,,101cookbooks.com,3
fattoush recipe,https://www.unicornsinthekitchen.com/fattoush-recipe/,,unicornsinthekitchen.com,3
kachumber salad recipe,https://untoldrecipesbynosheen.com/kachumber-salad-recipe/,,untoldrecipesbynosheen.com,2
kachumber salad recipe,https://www.funfoodfrolic.com/indian-kachumber-salad-recipe/,,funfoodfrolic.com,2
carrot raita recipe,https://www.whiskaffair.com/carrot-raita-recipe/,,whiskaffair.com,2
carrot raita recipe,https://www.vegrecipesofindia.com/carrot-raita-recipe-gajar-raita/,,vegrecipesofindia.com,2
roasted vegetables recipe,https://www.wellnesswarrior.org/roasted-vegetables-recipe-with-potatoes-and-carrots/,,wellnesswarrior.org,3
roasted vegetables recipe,https://happyhealthymama.com/balsamic-roasted-vegetables-recipe.html,,happyhealthymama.com,3
roasted vegetables recipe,https://www.adishofdailylife.com/roasted-vegetables-recipe/,,adishofdailylife.com,3
cauliflower rice recipe,https://how2doketo.com/easy-cauliflower-rice-recipe/,,how2doketo.com,3
cauliflower rice recipe,https://www.myketokitchen.com/keto-recipes/easy-low-carb-cauliflower-rice-recipe/,,myketokitchen.com,3
cauliflower rice recipe,https://www.ketofocus.com/web-stories/keto-spanish-cauliflower-rice-recipe/,,ketofocus.com,3
garlic potatoes recipe,https://spainonafork.com/easy-honey-roasted-garlic-potatoes-recipe/,,spainonafork.com,3
garlic potatoes recipe,https://spainonafork.com/extreme-garlic-garlic-potatoes-recipe/,,spainonafork.com,3
garlic potatoes recipe,https://spainonafork.com/creamy-garlic-potatoes-recipe/,,spainonafork.com,3
saag recipe,https://www.ketoconnect.net/chicken-saag-recipe,,ketoconnect.net,3
saag recipe,https://www.whiskaffair.com/best-sarson-ka-saag-recipe/,,whiskaffair.com,3
saag recipe,https://offbeathome.com/chana-saag-recipe/,,offbeathome.com,3
creamed spinach recipe,https://www.foodfaithfitness.com/creamed-spinach-recipe/,,foodfaithfitness.com,3
creamed spinach recipe,https://diethood.com/creamed-spinach-recipe/,,diethood.com,3
creamed spinach recipe,https://www.thedietchefs.com/keto-creamed-spinach/low-carb-keto-creamed-spinach-recipe/,,thedietchefs.com,3
grilled corn recipe,https://grantourismotravels.com/mexican-grilled-corn-recipe-elotes/,,grantourismotravels.com,3
grilled corn recipe,https://grantourismotravels.com/cambodian-grilled-corn-recipe-poat-dot/,,grantourismotravels.com,3
grilled corn recipe,https://30minutesmeals.com/grilled-corn-recipe/,,30minutesmeals.com,3
mujadara recipe,https://www.foodfaithfitness.com/mujadara-recipe/,,foodfaithfitness.com,3
mujadara recipe,https://happymuncher.com/middle-eastern-mujadara-recipe/,,happymuncher.com,3
mujadara recipe,https://www.healthylifetrainer.com/mujadara-recipe/,,healthylifetrainer.com,3
shakshuka recipe,https://thishealthytable.com/blog/shakshouka-recipe/shakshuka-recipe-2-of-13/,,thishealthytable.com,3
shakshuka recipe,https://thishealthytable.com/blog/shakshouka-recipe/shakshuka-recipe-11-of-13/,,thishealthytable.com,3
shakshuka recipe,https://thishealthytable.com/blog/shakshouka-recipe/shakshuka-recipe-1-of-13/,,thishealthytable.com,3
omelette recipe,https://www.myketokitchen.com/keto-recipes/easy-keto-chicken-noodle-omelette-recipe/,,myketokitchen.com,3
omelette recipe,https://ketogenicwoman.com/keto-mexican-omelette-recipe/,,ketogenicwoman.com,3
omelette recipe,https://healthyrecipesblogs.com/omelette-recipe/,,healthyrecipesblogs.com,3
french toast recipe,https://baketobefit.com/keto-french-toast-wp-recipe-maker-photos-12/,,baketobefit.com,3
french toast recipe,https://mamaknowsnutrition.com/recipes/healthy-french-toast-recipe/,,mamaknowsnutrition.com,3
french toast recipe,http://www.justusfourblog.com/2013/10/pumpkin-pie-overnight-french-toast-recipe/,,mysuburbankitchen.com,3
pancakes recipe,https://crazy4couponing.com/post/scallion-pancakes-recipe,,crazyforcouponing.com,3
pancakes recipe,https://www.deliciousmeetshealthy.com/paleo-pancakes-recipe/,,deliciousmeetshealthy.com,3
pancakes recipe,https://gorilla-fitnesswatches.com/2-ingredient-pumpkin-pancakes-recipe/,,gorilla-fitnesswatches.com,3
ful medames recipe,https://falasteenifoodie.com/ful-medames-recipe-stewed-fava-beans/,,falasteenifoodie.com,3
ful medames recipe,https://www.alphafoodie.com/ful-medames-recipe/,,alphafoodie.com,3
ful medames recipe,https://www.unicornsinthekitchen.com/ful-medames-recipe/,,unicornsinthekitchen.com,3
scrambled eggs recipe,https://www.budgetsavvydiva.com/2012/10/scrambled-eggs-recipe/,,budgetsavvydiva.com,3
scrambled eggs recipe,https://www.budgetsavvydiva.com/2014/12/oven-scrambled-eggs-recipe/,,budgetsavvydiva.com,3
scrambled eggs recipe,https://www.passionforsavings.com/1-minute-scrambled-eggs-recipe/,,passionforsavings.com,3
oat pancakes recipe,https://zestfulkitchen.com/toasted-oat-pancakes-recipe/,,zestfulkitchen.com,3
oat pancakes recipe,https://www.cheaprecipeblog.com/2012/06/banana-oat-pancakes-recipe/,,cheaprecipeblog.com,3
oat pancakes recipe,https://www.yummymummykitchen.com/2013/02/protein-oat-pancakes-recipe-gluten-free.html,,yummymummykitchen.com,3
semolina porridge recipe,https://www.cookingandme.com/semolina-porridge-recipe-babies-toddlers/,,cookingandme.com,2
semolina porridge recipe,https://polishfoodies.com/semolina-porridge-recipe/,,polishfoodies.com,2
date smoothie recipe,https://nadiashealthykitchen.com/date-smoothie-recipe/,,nadiashealthykitchen.com,2
date smoothie recipe,https://ricelifefoodie.com/banana-and-date-smoothie-recipe/,,ricelifefoodie.com,2
mango lassi recipe,https://www.whiskaffair.com/easy-mango-lassi-recipe/,,whiskaffair.com,3
mango lassi recipe,https://mymocktailforest.com/mango-lassi-recipe/,,mymocktailforest.com,3
mango lassi recipe,https://www.anediblemosaic.com/mango-lassi-recipe/,,anediblemosaic.com,3
chia pudding recipe,https://www.southerninlaw.com/2017/07/raw-vegan-paleo-chocolate-chia-pudding-recipe-with-trail-mix.html,,southerninlaw.com,3
chia pudding recipe,https://www.southerninlaw.com/2014/02/mango-and-coconut-chia-pudding-recipe.html,,southerninlaw.com,3
chia pudding recipe,https://www.southerninlaw.com/2013/12/raw-vegan-chai-chia-pudding-recipe.html,,southerninlaw.com,3
banana bread recipe,https://www.savingyoudinero.com/2013/07/19/flash-back-friday-banana-bread-recipe/,,savingyoudinero.com,3
banana bread recipe,https://www.savingyoudinero.com/2009/06/12/banana-bread-recipe/,,savingyoudinero.com,3
banana bread recipe,https://mamaknowsnutrition.com/recipes/chocolate-chip-banana-bread-recipe/,,mamaknowsnutrition.com,3
mango lassi recipe,https://www.whiskaffair.com/easy-mango-lassi-recipe/,,whiskaffair.com,3
mango lassi recipe,https://mymocktailforest.com/mango-lassi-recipe/,,mymocktailforest.com,3
mango lassi recipe,https://www.anediblemosaic.com/mango-lassi-recipe/,,anediblemosaic.com,3
rose milk recipe,https://rakskitchen.net/rose-milk-recipe-with-homemade-rose-syrup/,,rakskitchen.net,3
rose milk recipe,https://www.vegrecipesofindia.com/rose-milk-recipe/,,vegrecipesofindia.com,3
rose milk recipe,https://www.cookclickndevour.com/rose-milk-recipe-rose-syrup-recipe/,,cookclickndevour.com,3
saffron milk recipe,https://www.cookclickndevour.com/saffron-milk-recipe/,,cookclickndevour.com,1
tamarind drink recipe,https://jamaicanfoodsandrecipes.com/tamarind-drink-recipe/,,jamaicanfoodsandrecipes.com,1
chai tea recipe,https://www.passionforsavings.com/pumpkin-spice-chai-tea-recipe/,,passionforsavings.com,3
chai tea recipe,https://www.thecookierookie.com/spiked-chai-tea-recipe/,,thecookierookie.com,3
chai tea recipe,https://foodess.com/authentic-indian-chai-tea-recipe/,,foodess.com,3
karak chai recipe,https://www.munatycooking.com/karak-chai-recipe/,,munatycooking.com,1
saffron tea recipe,https://www.whiskaffair.com/saffron-tea-recipe/,,whiskaffair.com,3
saffron tea recipe,https://www.linsfood.com/saffron-tea-recipe/,,linsfood.com,3
saffron tea recipe,https://recipemarker.com/saffron-tea-recipe/,,recipemarker.com,3
fruit punch recipe,https://kowalskimountain.com/fruit-punch-recipe/,,kowalskimountain.com,3
fruit punch recipe,https://www.aimeemars.com/fruit-punch-recipe/,,aimeemars.com,3
fruit punch recipe,https://www.followchain.org/fruit-punch-recipe-tower-of-fantasy/,,followchain.org,3
almond milk recipe,https://www.hauteandhealthyliving.com/web-stories/healthy-crepe-recipe-with-almond-milk-recipe-story/,,hauteandhealthyliving.com,3
almond milk recipe,https://www.hauteandhealthyliving.com/web-stories/creamy-oatmeal-with-almond-milk-recipe-story/,,hauteandhealthyliving.com,3
almond milk recipe,https://www.hauteandhealthyliving.com/web-stories/turmeric-latte-with-almond-milk-recipe-story/,,hauteandhealthyliving.com,3
loaded fries recipe,https://www.recipe-diaries.com/loaded-fries-recipe/,,recipe-diaries.com,1
burger recipe,https://www.frugalfamily.co.uk/in-search-of-the-perfect-spicy-bean-burger-recipe/,,frugalfamily.co.uk,3
burger recipe,https://fitnessista.com/the-famous-turkey-burger-recipe/,,fitnessista.com,3
burger recipe,https://thishealthytable.com/blog/best-black-bean-burger-recipe/,,thishealthytable.com,3
sliders recipe,https://crazy4couponing.com/post/blt-sliders-recipe-a-perfect-party-snack,,crazyforcouponing.com,3
sliders recipe,https://funmoneymom.com/bbq-pulled-pork-sliders-recipe/,,funmoneymom.com,3
sliders recipe,https://thefrugalgirls.com/2019/12/roast-beef-sliders-recipe.html,,thefrugalgirls.com,3
chicken pizza recipe,https://crazy4couponing.com/post/copycat-california-pizza-kitchen-thai-chicken-pizza-recipe,,crazyforcouponing.com,3
chicken pizza recipe,https://wholelifestylenutrition.com/recipes/maindish/organic-pesto-chicken-pizza-recipe/,,wholelifestylenutrition.com,3
chicken pizza recipe,https://happymuncher.com/bbq-chicken-pizza-recipe/,,happymuncher.com,3
flatbread pizza recipe,https://neilshealthymeals.com/30-minutes-easy-flatbread-pizza-recipe/,,neilshealthymeals.com,3
flatbread pizza recipe,https://www.passionforsavings.com/grilled-buffalo-chicken-flatbread-pizza-recipe/,,passionforsavings.com,3
flatbread pizza recipe,https://wellnessbykay.com/web-stories/pesto-flatbread-pizza-recipe/,,wellnessbykay.com,3
pasta bake recipe,https://www.budgetsavvydiva.com/2012/04/tomato-basil-cheese-pasta-bake-recipe/,,budgetsavvydiva.com,3
pasta bake recipe,https://www.budgetsavvydiva.com/2014/02/cheesy-spinach-pasta-bake-recipe/,,budgetsavvydiva.com,3
pasta bake recipe,https://www.savvysavingcouple.net/creamy-parmesan-chicken-broccoli-pasta-bake-recipe-easyprepmeals-shop/,,savvysavingcouple.net,3
chicken alfredo recipe,https://www.budgetsavvydiva.com/2012/09/pasta-chicken-alfredo-recipe/,,budgetsavvydiva.com,3
chicken alfredo recipe,https://www.budgetsavvydiva.com/2012/07/crock-pot-chicken-alfredo-recipe/,,budgetsavvydiva.com,3
chicken alfredo recipe,https://momsavesmoney.net/basil-chicken-alfredo-recipe/,,momsavesmoney.net,3
lasagna recipe,https://www.frugalmomeh.com/lunch-line-lasagna-recipe.html,,frugalmomeh.com,3
lasagna recipe,https://yourchoicenutrition.com/fertility-foods-book-review-3-cheese-penne-lasagna-recipe/,,yourchoicenutrition.com,3
lasagna recipe,https://healthysimpleyum.com/vegan-lasagna-recipe/,,healthysimpleyum.com,3
nachos recipe,https://yourlatinanutritionist.com/blog/beef-nachos-recipe,,yourlatinanutritionist.com,3
nachos recipe,https://yourhealthybeginning.com/post/apple-nachos-recipe/,,yourhealthybeginning.com,3
nachos recipe,https://healthysimpleyum.com/loaded-vegan-nachos-recipe/,,healthysimpleyum.com,3
tacos recipe,https://www.savingyoudinero.com/2025/07/21/quesabirria-beef-birria-tacos-recipe/,,savingyoudinero.com,3
tacos recipe,https://www.nourishnutritionblog.com/healthy-breakfast-tacos-recipe/,,nourishnutritionblog.com,3
tacos recipe,https://thishealthytable.com/blog/leftover-turkey-tacos-recipe/,,thishealthytable.com,3
chicken quesadilla recipe,https://www.budgetsavvydiva.com/2014/05/cheesy-bbq-chicken-quesadilla-recipe/,,budgetsavvydiva.com,3
chicken quesadilla recipe,https://www.passionforsavings.com/barbecue-chicken-quesadilla-recipe/,,passionforsavings.com,3
chicken quesadilla recipe,https://www.makingfrugalfun.com/easy-chicken-quesadilla-recipe/,,makingfrugalfun.com,3
stuffed peppers recipe,https://www.wellnesswarrior.org/keto-buffalo-chicken-stuffed-peppers-recipe/,,wellnesswarrior.org,3
stuffed peppers recipe,http://www.justusfourblog.com/2013/10/chicken-enchilada-stuffed-peppers-recipe/,,mysuburbankitchen.com,3
stuffed peppers recipe,https://www.mysuburbankitchen.com/chicken-enchilada-stuffed-peppers-recipe/,,mysuburbankitchen.com,3
meatball recipe,https://soreyfitness.com/nutrition/turkey-meatball-recipe/,,soreyfitness.com,3
meatball recipe,https://couponcravings.com/grape-jelly-meatball-recipe/,,couponcravings.com,3
meatball recipe,https://thefrugalgirls.com/2009/10/easy-meatball-recipe.html,,thefrugalgirls.com,3
spaghetti meatballs recipe,https://www.southerninlaw.com/2017/01/healthy-vegan-spaghetti-and-no-meatballs-recipe.html,,southerninlaw.com,3
spaghetti meatballs recipe,https://reluctantentertainer.com/spaghetti-and-meatballs-recipe/,,reluctantentertainer.com,3
spaghetti meatballs recipe,https://thebutteryfairytale.com/baked-spaghetti-and-meatballs-recipe/,,thebutteryfairytale.com,3
chicken burger recipe,https://www.savingdessert.com/grilled-buffalo-chicken-burger-recipe/,,savingdessert.com,3
chicken burger recipe,https://www.foodfaithfitness.com/chicken-burger-recipe/,,foodfaithfitness.com,3
chicken burger recipe,https://diethood.com/chicken-burger-recipe/,,diethood.com,3
birria tacos recipe,https://www.savingyoudinero.com/2025/07/21/quesabirria-beef-birria-tacos-recipe/,,savingyoudinero.com,3
birria tacos recipe,https://happymuncher.com/easy-crockpot-birria-makes-the-best-birria-tacos-recipe/,,happymuncher.com,3
birria tacos recipe,https://happymuncher.com/birria-tacos-recipe/,,happymuncher.com,3
korean bbq chicken recipe,https://theeastcoastkitchen.com/korean-bbq-chicken-recipe-easy-healthy-and-delicious/,,theeastcoastkitchen.com,1
teriyaki chicken recipe,https://thefrugalgirls.com/2015/02/crockpot-teriyaki-chicken-recipe.html,,thefrugalgirls.com,3
teriyaki chicken recipe,https://www.budgetsavvydiva.com/2012/05/baked-teriyaki-chicken-recipe/,,budgetsavvydiva.com,3
teriyaki chicken recipe,https://www.budgetsavvydiva.com/2015/02/baked-teriyaki-chicken-recipe-2/,,budgetsavvydiva.com,3
noodle stir fry recipe,https://momsavesmoney.net/asian-noodle-stir-fry-recipe/,,momsavesmoney.net,3
noodle stir fry recipe,https://momsavesmoney.net/asian-noodle-stir-fry-recipe/asian-noodle-stir-fry-recipe/,,momsavesmoney.net,3
noodle stir fry recipe,https://www.southerninlaw.com/2013/04/asian-noodle-stir-fry-recipe-tahini-soy-sauce.html,,southerninlaw.com,3
fried rice recipe,https://www.savingyoudinero.com/2020/03/17/easy-chicken-fried-rice-recipe/,,savingyoudinero.com,3
fried rice recipe,https://thishealthytable.com/blog/leek-pea-fried-rice/leek-and-pea-fried-rice-recipe-1-of-5/,,thishealthytable.com,3
fried rice recipe,https://thishealthytable.com/blog/leek-pea-fried-rice/leek-and-pea-fried-rice-recipe-3-of-5/,,thishealthytable.com,3
sesame chicken recipe,https://thefrugalgirls.com/2015/04/crockpot-honey-sesame-chicken-recipe.html,,thefrugalgirls.com,3
sesame chicken recipe,https://frugalfarmwife.com/article/super-easy-sesame-chicken-recipe/,,frugalfarmwife.com,3
sesame chicken recipe,https://www.savvysavingcouple.net/web-stories/honey-sesame-chicken-recipe-for-2023/,,savvysavingcouple.net,3
orange chicken recipe,https://www.savingyoudinero.com/2019/02/08/easy-orange-chicken-recipe/,,savingyoudinero.com,3
orange chicken recipe,https://www.savingyoudinero.com/2026/04/19/orange-chicken-recipe/,,savingyoudinero.com,3
orange chicken recipe,https://fabulesslyfrugal.com/recipes/easy-orange-chicken-recipe/,,fabulesslyfrugal.com,3
mongolian beef recipe,https://healthyfitnessmeals.com/easy-mongolian-beef-recipe/,,healthyfitnessmeals.com,3
mongolian beef recipe,https://www.foodfaithfitness.com/mongolian-beef-recipe/,,foodfaithfitness.com,3
mongolian beef recipe,https://www.joyfulhealthyeats.com/gluten-free-instant-pot-mongolian-beef-recipe/,,joyfulhealthyeats.com,3
chicken satay recipe,https://greenhealthycooking.com/chicken-satay-recipe/,,greenhealthycooking.com,3
chicken satay recipe,https://www.wellnesswarrior.org/keto-chicken-satay-recipe/,,wellnesswarrior.org,3
chicken satay recipe,https://happymoneysaver.com/web-stories/instant-pot-peanut-chicken-satay-recipe/,,happymoneysaver.com,3
butter shrimp recipe,https://www.savvysavingcouple.net/sous-vide-garlic-butter-shrimp-recipe/,,savvysavingcouple.net,3
butter shrimp recipe,https://www.savvysavingcouple.net/web-stories/easy-2023-sous-vide-garlic-butter-shrimp-recipe/,,savvysavingcouple.net,3
butter shrimp recipe,https://mrmakeithappen.com/garlic-butter-shrimp-recipe/,,mrmakeithappen.com,3
garlic noodles recipe,https://www.whiskaffair.com/chilli-garlic-noodles-recipe/,,whiskaffair.com,3
garlic noodles recipe,https://hungryinthailand.com/chili-garlic-noodles-recipe/,,hungryinthailand.com,3
garlic noodles recipe,https://happymuncher.com/garlic-noodles-easy-recipe/,,happymuncher.com,3
sweet potato fries recipe,https://savingdollarsandsense.com/sweet-potato-fries-recipe/,,savingdollarsandsense.com,3
sweet potato fries recipe,https://www.hauteandhealthyliving.com/web-stories/baked-curly-sweet-potato-fries-recipe-story/,,hauteandhealthyliving.com,3
sweet potato fries recipe,https://www.thedietchefs.com/air-fryer-sweet-potato-fries-recipe/,,thedietchefs.com,3
thanksgiving turkey recipe,https://crazy4couponing.com/post/thanksgiving-turkey-recipe-the-ultimate-guide-for-a-juicy-flavorful-bird,,crazyforcouponing.com,3
thanksgiving turkey recipe,https://www.deliciousmeetshealthy.com/thanksgiving-turkey-recipe/,,deliciousmeetshealthy.com,3
thanksgiving turkey recipe,https://www.passionforsavings.com/homemade-thanksgiving-turkey-recipe/,,passionforsavings.com,3
one pot dinner recipe,https://busydaydinners.com/web-stories/greek-spaghetti-one-pot-dinner-recipe/,,busydaydinners.com,1
quick dinner recipe,https://www.survivingateacherssalary.com/noodle-pie-quick-dinner-recipe-in-less-than-30-minutes/,,survivingateacherssalary.com,3
quick dinner recipe,https://www.fivehearthome.com/one-pan-asian-beef-rice-skillet-quick-easy-dinner-recipe/,,fivehearthome.com,3
quick dinner recipe,https://offbeathome.com/quick-dinner-recipe/,,offbeathome.com,3
family dinner recipe,https://raisingwhasians.com/easy-family-dinner-recipe-free-beef-rebate/,,raisingwhasians.com,2
family dinner recipe,https://www.diyncrafts.com/22843/food/recipes/crispy-cheese-bacon-filled-chicken-rolls-easy-family-dinner-recipe,,diyncrafts.com,2
freezer meal prep recipe,https://www.thiscraftyhome.com/2022/03/09/sweet-potato-chili-freezer-meal-prep-recipe/,,thiscraftyhome.com,1
one pot meals,https://savingk.com/save-time-and-money-with-these-one-pot-meals/,,savingk.com,3
one pot meals,https://thefrugalgirls.com/one-pot-meals,,thefrugalgirls.com,3
one pot meals,https://savingandsimplicity.com/one-pot-meals/,,savingandsimplicity.com,3
healthy dinner ideas,https://soreyfitness.com/meals-2/healthy-dinner-ideas/,,soreyfitness.com,3
healthy dinner ideas,https://sweetmoneybee.com/easy-healthy-dinner-ideas-for-family/,,sweetmoneybee.com,3
healthy dinner ideas,https://onbudgetmoms.com/healthy-dinner-ideas-for-busy-weeknights/,,onbudgetmoms.com,3
comfort food recipes,https://www.deliciousmeetshealthy.com/15-easy-comfort-food-recipes/,,deliciousmeetshealthy.com,3
comfort food recipes,https://www.creativehealthyfamily.com/comfort-food-recipes/,,creativehealthyfamily.com,3
comfort food recipes,https://ketogenicwoman.com/keto-comfort-food-recipes/,,ketogenicwoman.com,3
protein packed dinners,https://www.easyhomemadelife.com/protein-packed-dinners/,,easyhomemadelife.com,3
protein packed dinners,https://www.runningtothekitchen.com/protein-packed-dinners-to-feel-full/,,runningtothekitchen.com,3
protein packed dinners,https://allchickenrecipes.com/14-winter-chicken-breast-recipes-warm-protein-packed-dinners-for-busy-evenings/,,allchickenrecipes.com,3
vegetarian dinner ideas,https://ketodietapp.com/Blog/lchf/77-low-carb-vegetarian-dinner-ideas,,ketodietapp.com,3
vegetarian dinner ideas,https://cookeatlivelove.com/vegetarian-dinner-ideas/,,cookeatlivelove.com,3
vegetarian dinner ideas,https://theliveinkitchen.com/150-vegetarian-dinner-ideas/,,theliveinkitchen.com,3
dairy free dinner ideas,https://www.fannetasticfood.com/29-dairy-free-dinner-ideas/,,fannetasticfood.com,1
gluten free dinner ideas,https://upgradedhealth.net/21-high-fiber-and-gluten-free-dinner-ideas/,,upgradedhealth.net,3
gluten free dinner ideas,https://upgradedhealth.net/20-cheap-gluten-free-dinner-ideas/,,upgradedhealth.net,3
gluten free dinner ideas,https://upgradedhealth.net/25-easy-gluten-free-dinner-ideas/,,upgradedhealth.net,3
meal prep ideas,https://vlhhealth.com/healthy-meal-prep-ideas-for-busy-professionals/,,vlhhealth.com,3
meal prep ideas,https://vlhhealth.com/high-protein-meal-prep-ideas/,,vlhhealth.com,3
meal prep ideas,https://vlhhealth.com/healthy-lunch-meal-prep-ideas/,,vlhhealth.com,3
party food ideas,https://yourchoicenutrition.com/25-fun-halloween-party-food-ideas/,,yourchoicenutrition.com,3
party food ideas,https://yourchoicenutrition.com/25-fun-halloween-party-food-ideas/fun-halloween-party-food-ideas-1/,,yourchoicenutrition.com,3
party food ideas,https://yourchoicenutrition.com/25-fun-halloween-party-food-ideas/fun-halloween-party-food-ideas-2/,,yourchoicenutrition.com,3
breakfast ideas,https://www.frugalmomeh.com/15-breakfast-ideas.html,,frugalmomeh.com,3
breakfast ideas,https://www.frugalmomeh.com/easy-breakfast-ideas-go.html,,frugalmomeh.com,3
breakfast ideas,https://www.savingyoudinero.com/2025/08/20/quick-breakfast-ideas/,,savingyoudinero.com,3
dessert recipes roundup,https://thehealthyfamilyandhome.com/chocolate-free-medical-medium-compliant-dessert-recipes-roundup/,,thehealthyfamilyandhome.com,2
dessert recipes roundup,https://stayingclosetohome.com/mouth-watering-chocolate-dessert-recipes-roundup/,,stayingclosetohome.com,2
summer grilling recipes,https://vlhhealth.com/healthy-summer-grilling-recipes/,,vlhhealth.com,3
summer grilling recipes,https://gorilla-fitnesswatches.com/15-irresistible-summer-grilling-recipes/,,gorilla-fitnesswatches.com,3
summer grilling recipes,https://thishealthytable.com/blog/summer-grilling-recipes/,,thishealthytable.com,3
cozy winter dinners,https://www.inspiringsavings.com/10-cozy-winter-dinners-using-5-ingredients-or-less/,,inspiringsavings.com,3
cozy winter dinners,https://www.lowcarb-nocarb.com/casserole-recipes-cozy-winter-dinners/,,lowcarb-nocarb.com,3
cozy winter dinners,https://www.easyhomemadelife.com/cozy-winter-dinners/,,easyhomemadelife.com,3
marinade recipes,https://www.hauteandhealthyliving.com/6-easy-marinade-recipes/,,hauteandhealthyliving.com,3
marinade recipes,https://www.hauteandhealthyliving.com/6-easy-chicken-marinade-recipes/,,hauteandhealthyliving.com,3
marinade recipes,https://www.hauteandhealthyliving.com/web-stories/6-easy-marinade-recipes-story/,,hauteandhealthyliving.com,3
instant pot recipes,https://plantbasedonabudget.com/30-vegan-instant-pot-recipes/,,plantbasedonabudget.com,3
instant pot recipes,https://www.savingyoudinero.com/2017/12/27/instant-pot-recipes/,,savingyoudinero.com,3
instant pot recipes,https://www.frugalfamily.co.uk/my-best-instant-pot-recipes/,,frugalfamily.co.uk,3
air fryer chicken recipes,https://momsavesmoney.net/air-fryer-chicken-recipes/,,momsavesmoney.net,3
air fryer chicken recipes,https://savingandsimplicity.com/air-fryer-chicken-recipes/,,savingandsimplicity.com,3
air fryer chicken recipes,https://www.simplyhealthyfamily.org/juicy-and-delicious-air-fryer-chicken-recipes/,,simplyhealthyfamily.org,3
slow cooker recipes,https://www.savingyoudinero.com/2025/10/29/slow-cooker-recipes/,,savingyoudinero.com,3
slow cooker recipes,https://how2doketo.com/keto-slow-cooker-recipes/,,how2doketo.com,3
slow cooker recipes,https://www.myketokitchen.com/collections/keto-slow-cooker-recipes/,,myketokitchen.com,3
stovetop chicken recipes,https://www.lavenderandmacarons.com/easy-and-delicious-stovetop-chicken-recipes-you-should-make-for-dinner/,,lavenderandmacarons.com,1
oven baked chicken recipes,https://allchickenrecipes.com/11-oven-baked-chicken-recipes-for-easy-weeknight-meals/,,allchickenrecipes.com,1
grilled meat recipes,https://mypinterventures.com/summer-grilled-meat-recipes/,,mypinterventures.com,2
grilled meat recipes,https://goodfooddiscoveries.com/6-grilled-meat-recipes-for-summer-bbq/,,goodfooddiscoveries.com,2
skillet dinner recipes,https://www.passionforsavings.com/cast-iron-skillet-dinner-recipes/,,passionforsavings.com,3
skillet dinner recipes,https://www.primaledgehealth.com/easy-skillet-dinner-recipes/,,primaledgehealth.com,3
skillet dinner recipes,https://dinnersdishesanddesserts.com/27-skillet-dinner-recipes/,,dinnersdishesanddesserts.com,3
casserole recipes,https://www.savingyoudinero.com/2025/11/30/easy-casserole-recipes/,,savingyoudinero.com,3
casserole recipes,https://fitnessista.com/the-fitnessista-cookbook/slow-cooker-and-casserole-recipes/,,fitnessista.com,3
casserole recipes,https://how2doketo.com/keto-casserole-recipes/,,how2doketo.com,3
stuffed vegetable recipes,https://www.healthyseasonalrecipes.com/20-mouth-watering-stuffed-vegetable-recipes/,,healthyseasonalrecipes.com,2
stuffed vegetable recipes,https://www.runningtothekitchen.com/stuffed-vegetable-recipes/,,runningtothekitchen.com,2
